Title,Company,Location,Reward,Link
This,is,next.js,Jobs,17
React.js/Next.js 프론트 엔드 엔지니어 (4년차 이상),콜로세움코퍼레이션,서울 · 한국,합격보상금 100만원,https://www.wanted.co.kr/wd/97598
"프론트엔드 개발자(React, ReactJS, Next.js)",루먼랩,서울 · 한국,합격보상금 100만원,https://www.wanted.co.kr/wd/199195
FrontEnd 개발자 - react / next.js 기반,시제(모노리스),서울 · 한국,합격보상금 100만원,https://www.wanted.co.kr/wd/192967
프론트엔드 (React.js / Next.js) 개발자,슈가브릭스,서울 · 한국,합격보상금 100만원,https://www.wanted.co.kr/wd/196425
프론트엔드 엔지니어(React / Next.js),알라딘커뮤니케이션,서울 · 한국,합격보상금 100만원,https://www.wanted.co.kr/wd/196553
프론트엔드 개발자 (React & Next.js),밴플,서울 · 한국,합격보상금 100만원,https://www.wanted.co.kr/wd/191573
프론트엔드 개발자 (React / Next.js),선한사람들,서울 · 한국,합격보상금 100만원,https://www.wanted.co.kr/wd/190351
"Global 서비스 Front-end 개발 (React, Next.js)",아프리카TV,경기 · 한국,합격보상금 100만원,https://www.wanted.co.kr/wd/126671
React.js/Next.js 프론트 엔드 엔지니어 (4년차 이상),콜로세움코퍼레이션,서울 · 한국,합격보상금 100만원,https://www.wanted.co.kr/wd/97598
"프론트엔드 개발자(React, ReactJS, Next.js)",루먼랩,서울 · 한국,합격보상금 100만원,https://www.wanted.co.kr/wd/199195
FrontEnd 개발자 - react / next.js 기반,시제(모노리스),서울 · 한국,합격보상금 100만원,https://www.wanted.co.kr/wd/192967
프론트엔드 (React.js / Next.js) 개발자,슈가브릭스,서울 · 한국,합격보상금 100만원,https://www.wanted.co.kr/wd/196425
프론트엔드 엔지니어(React / Next.js),알라딘커뮤니케이션,서울 · 한국,합격보상금 100만원,https://www.wanted.co.kr/wd/196553
프론트엔드 개발자 (React & Next.js),밴플,서울 · 한국,합격보상금 100만원,https://www.wanted.co.kr/wd/191573
프론트엔드 개발자 (React / Next.js),선한사람들,서울 · 한국,합격보상금 100만원,https://www.wanted.co.kr/wd/190351
"Global 서비스 Front-end 개발 (React, Next.js)",아프리카TV,경기 · 한국,합격보상금 100만원,https://www.wanted.co.kr/wd/126671
"[400억↑투자] Back-end 개발자 (Node.js, React, Express, Next.js), 병특",딥브레인에이아이,서울 · 한국,합격보상금 100만원,https://www.wanted.co.kr/wd/107946
